City_ID,City,Country,Lat,Lng,Max Temp,Humidity,Cloudiness,Wind Speed,Current Description
0,Victoria,HK,22.2855,114.1577,70.0,71,35,1.01,scattered clouds
1,Vilyuysk,RU,63.7553,121.6247,-51.02,75,55,2.64,broken clouds
2,Pangnirtung,CA,66.1451,-65.7125,-4.13,81,95,2.17,overcast clouds
3,Hermanus,ZA,-34.4187,19.2345,80.01,59,11,10.0,few clouds
4,Bengkulu,ID,-3.8004,102.2655,80.64,76,100,8.66,overcast clouds
5,Swan Hill,AU,-35.3378,143.5544,77.02,23,0,4.21,clear sky
6,Kostomuksha,RU,64.571,30.5767,16.3,97,100,2.48,overcast clouds
7,Pisco,PE,-13.7,-76.2167,68.0,77,0,4.61,clear sky
8,Castro,BR,-24.7911,-50.0119,64.99,96,100,5.88,overcast clouds
9,Kruisfontein,ZA,-34.0033,24.7314,82.99,50,0,8.01,clear sky
10,Bluff,NZ,-46.6,168.3333,55.8,81,100,3.56,moderate rain
11,Coihaique,CL,-45.5752,-72.0662,41.0,93,0,2.17,clear sky
12,Albany,US,42.6001,-73.9662,9.0,59,19,2.71,few clouds
13,Hithadhoo,MV,-0.6,73.0833,82.67,75,69,15.66,broken clouds
14,Ushuaia,AR,-54.8,-68.3,50.0,53,0,10.36,clear sky
15,Avarua,CK,-21.2078,-159.775,75.2,94,20,1.14,few clouds
16,Fort Nelson,CA,58.8053,-122.7002,-18.4,76,40,3.27,scattered clouds
17,Lorengau,PG,-2.0226,147.2712,83.19,75,100,12.28,overcast clouds
18,Rikitea,PF,-23.1203,-134.9692,78.31,77,51,11.74,light rain
19,Yellowknife,CA,62.456,-114.3525,-18.0,76,1,4.61,clear sky
20,Longyearbyen,SJ,78.2186,15.6401,-5.8,54,20,18.41,few clouds
21,Sao Filipe,CV,14.8961,-24.4956,75.0,58,78,10.65,broken clouds
22,Punta Arenas,CL,-53.15,-70.9167,48.2,71,0,17.27,clear sky
23,Arraial Do Cabo,BR,-22.9661,-42.0278,77.0,73,0,14.97,clear sky
24,Tukrah,LY,32.5341,20.5791,70.68,38,0,22.64,clear sky
25,Tuktoyaktuk,CA,69.4541,-133.0374,-22.85,84,98,1.03,overcast clouds
26,Poum,NC,-20.2333,164.0167,79.59,74,64,12.93,broken clouds
27,Burnie,AU,-41.0667,145.9167,59.61,84,41,8.68,scattered clouds
28,Talnakh,RU,69.4865,88.3972,-29.9,71,0,8.32,clear sky
29,Dudinka,RU,69.4058,86.1778,-31.32,76,1,8.41,clear sky
30,Chumikan,RU,54.7183,135.315,-13.88,78,1,28.21,clear sky
31,Codrington,AU,-38.2667,141.9667,58.21,79,0,10.76,clear sky
32,Beira,MZ,-19.8436,34.8389,89.01,61,25,4.76,scattered clouds
33,Bredasdorp,ZA,-34.5322,20.0403,80.01,59,0,10.0,clear sky
34,Airai,TL,-8.9266,125.4092,62.64,100,100,3.53,overcast clouds
35,Hobart,AU,-42.8794,147.3294,64.99,59,40,8.05,scattered clouds
36,Asau,RO,46.4333,26.4,30.99,57,99,4.34,light snow
37,Dikson,RU,73.5069,80.5464,-33.05,79,0,6.58,clear sky
38,Busselton,AU,-33.65,115.3333,82.0,56,0,3.0,clear sky
39,Puerto Del Rosario,ES,28.5004,-13.8627,66.2,72,20,13.8,few clouds
40,Tasiilaq,GL,65.6145,-37.6368,15.8,53,75,2.3,broken clouds
41,Bongandanga,CD,1.5,21.05,93.65,41,90,2.13,overcast clouds
42,Adrar,MR,20.5022,-10.0711,72.43,20,35,11.27,scattered clouds
43,Georgetown,MY,5.4112,100.3354,89.6,55,40,9.22,scattered clouds
44,Rocha,UY,-34.4833,-54.3333,65.01,89,100,15.41,overcast clouds
45,Agadez,NE,19.75,10.25,71.62,19,0,2.28,clear sky
46,Sangar,RU,63.9242,127.4739,-47.11,77,70,5.59,broken clouds
47,Beloha,MG,-25.1667,45.05,98.28,33,18,7.11,few clouds
48,Atuona,PF,-9.8,-139.0333,78.85,75,42,18.37,scattered clouds
49,Butaritari,KI,3.0707,172.7902,81.34,81,67,15.57,broken clouds
50,New Norfolk,AU,-42.7826,147.0587,64.99,56,83,2.51,broken clouds
51,Usinsk,RU,65.9939,57.5281,7.79,95,100,14.23,overcast clouds
52,Kapaa,US,22.0752,-159.319,71.6,88,75,14.97,light rain
53,Port Alfred,ZA,-33.5906,26.891,75.0,74,62,4.0,broken clouds
54,Kavieng,PG,-2.5744,150.7967,83.79,74,100,10.04,overcast clouds
55,Norman Wells,CA,65.282,-126.8329,-20.2,76,75,2.3,broken clouds
56,Vao,NC,-22.6667,167.4833,76.69,81,66,25.19,broken clouds
57,Ribeira Grande,PT,38.5167,-28.7,62.6,100,75,11.5,mist
58,Mar Del Plata,AR,-38.0023,-57.5575,61.0,63,75,12.66,broken clouds
59,Yenagoa,NG,4.9247,6.2642,88.38,58,34,4.05,scattered clouds
60,Chuy,UY,-33.6971,-53.4616,70.63,85,100,16.37,overcast clouds
61,Hilo,US,19.7297,-155.09,66.2,88,1,4.61,light rain
62,Dublin,US,37.7021,-121.9358,52.0,87,90,3.4,overcast clouds
63,Nouadhibou,MR,20.931,-17.0347,64.4,63,0,17.27,clear sky
64,Kodiak,US,57.79,-152.4072,28.4,37,1,6.91,clear sky
65,Lodja,CD,-3.4833,23.4333,72.57,94,100,0.81,overcast clouds
66,Walvis Bay,NA,-22.9575,14.5053,66.02,76,97,7.76,overcast clouds
67,Fortuna,US,40.5982,-124.1573,52.0,76,90,23.02,overcast clouds
68,Mahebourg,MU,-20.4081,57.7,86.0,66,75,13.8,broken clouds
69,Booue,GA,-0.0921,11.9385,85.91,62,80,3.24,broken clouds
70,Trelew,AR,-43.249,-65.3051,61.59,59,84,16.33,broken clouds
71,Ulan-Ude,RU,51.8261,107.6098,-11.2,53,20,8.95,few clouds
72,Cape Town,ZA,-33.9258,18.4232,73.0,78,99,18.01,overcast clouds
73,Sitka,US,57.0531,-135.33,35.6,80,20,6.91,few clouds
74,Vaini,TO,-21.2,-175.2,75.2,94,90,4.61,light rain
75,Nikolskoye,RU,59.7035,30.7861,26.6,86,75,4.47,light snow
76,Ponta Do Sol,PT,32.6667,-17.1,62.01,72,1,1.01,clear sky
77,Tuatapere,NZ,-46.1333,167.6833,55.18,83,100,2.55,light rain
78,Taman,RU,45.2117,36.7161,51.8,76,75,13.42,broken clouds
79,Marawi,PH,7.9986,124.2928,82.0,74,93,21.0,overcast clouds
80,Baghmara,IN,23.795,86.2085,76.75,16,0,10.13,clear sky
81,Yichang,CN,30.7144,111.2847,48.99,70,100,0.81,light rain
82,Port-Cartier,CA,50.0334,-66.8654,21.2,73,51,5.75,broken clouds
83,Lagoa,PT,39.05,-27.9833,61.86,95,51,17.09,broken clouds
84,Mataura,NZ,-46.1927,168.8643,55.67,75,100,1.41,overcast clouds
85,Upernavik,GL,72.7868,-56.1549,-7.64,80,61,2.06,broken clouds
86,Torbay,CA,47.6666,-52.7314,30.99,100,90,13.8,light snow
87,Puerto Escondido,MX,15.85,-97.0667,74.93,66,14,2.59,few clouds
88,Faanui,PF,-16.4833,-151.75,81.82,74,85,14.65,overcast clouds
89,Kulhudhuffushi,MV,6.6221,73.07,82.29,69,9,7.87,clear sky
90,Calvinia,ZA,-31.4707,19.776,78.8,19,0,5.75,clear sky
91,Great Yarmouth,GB,52.6083,1.7305,42.01,65,0,9.22,clear sky
92,Bathsheba,BB,13.2167,-59.5167,78.8,69,40,19.57,scattered clouds
93,Lompoc,US,34.6391,-120.4579,48.0,100,1,2.21,clear sky
94,Richards Bay,ZA,-28.783,32.0377,88.12,64,60,9.69,broken clouds
95,Kalino,RU,58.2504,57.6085,24.49,97,98,7.02,overcast clouds
96,Severo-Kurilsk,RU,50.6789,156.125,23.54,94,100,39.62,light snow
97,Baruun-Urt,MN,46.6806,113.2792,-2.72,90,100,18.28,light snow
98,Silveira,PT,39.1112,-9.3643,59.0,99,100,10.0,overcast clouds
99,Lima,PE,-12.0432,-77.0282,71.01,83,0,5.75,clear sky
100,Ostrovnoy,RU,68.0531,39.5131,14.32,94,87,9.66,overcast clouds
101,Puerto Ayora,EC,-0.7393,-90.3518,77.0,92,22,5.99,few clouds
102,Yeppoon,AU,-23.1333,150.7333,78.8,69,20,8.05,few clouds
103,Bonthe,SL,7.5264,-12.505,82.69,67,44,4.94,scattered clouds
104,Nuuk,GL,64.1835,-51.7216,15.8,79,0,16.11,clear sky
105,Geraldton,AU,-28.7667,114.6,89.6,31,0,24.16,clear sky
106,Duiwelskloof,ZA,-23.6934,30.14,81.14,66,15,6.82,light rain
107,Sisimiut,GL,66.9395,-53.6735,3.83,86,41,8.59,scattered clouds
108,Arcachon,FR,44.5875,-1.0519,53.6,94,90,13.8,overcast clouds
109,Peniche,PT,39.3558,-9.3811,57.99,96,100,15.99,overcast clouds
110,Komsomolskiy,UZ,40.4272,71.7189,50.0,29,84,6.91,broken clouds
111,Anchorage,US,61.2181,-149.9003,10.4,72,1,5.19,clear sky
112,Esperance,AU,-33.8667,121.9,77.0,47,0,18.41,clear sky
113,Bethel,US,41.3712,-73.414,12.0,78,1,3.44,clear sky
114,Sooke,CA,48.3746,-123.7276,45.0,87,100,17.27,overcast clouds
115,Tiksi,RU,71.6872,128.8694,-25.92,87,100,5.68,overcast clouds
116,Lebu,CL,-37.6167,-73.65,54.73,93,5,7.94,clear sky
117,Bima,ID,-8.4667,118.7167,81.18,82,100,1.57,overcast clouds
118,Beringovskiy,RU,63.05,179.3167,6.48,94,100,29.86,snow
119,Khilok,RU,51.3674,110.4676,-19.91,83,100,6.93,overcast clouds
120,Saint George,US,37.1041,-113.5841,35.6,75,1,3.58,clear sky
121,Touros,BR,-5.1989,-35.4608,75.2,94,40,3.44,scattered clouds
122,Westport,US,41.1415,-73.3579,17.01,67,1,5.75,clear sky
123,Thompson,CA,55.7435,-97.8558,12.2,92,90,2.3,light snow
124,Atlantis,ZA,-33.5667,18.4834,73.0,81,99,12.68,overcast clouds
125,Gao,ML,16.6362,1.637,79.16,15,2,14.85,clear sky
126,Turukhansk,RU,65.8167,87.9833,-19.73,82,100,8.5,overcast clouds
127,Port-Gentil,GA,-0.7193,8.7815,84.2,74,40,2.3,scattered clouds
128,Port Hardy,CA,50.6996,-127.4199,42.8,93,90,10.36,moderate rain
129,Sao Joao Da Barra,BR,-21.6403,-41.0511,77.0,73,0,11.5,clear sky
130,Jamestown,US,42.097,-79.2353,23.0,68,90,5.75,overcast clouds
131,Athabasca,CA,54.7169,-113.2854,-4.0,84,0,2.3,clear sky
132,Carnarvon,AU,-24.8667,113.6333,82.4,83,10,18.41,clear sky
133,Marechal Deodoro,BR,-9.7103,-35.895,77.0,94,75,6.02,broken clouds
134,Anadyr,RU,64.75,177.4833,1.4,78,90,29.08,heavy snow
135,Denpasar,ID,-8.65,115.2167,84.2,79,20,12.66,few clouds
136,Morro Bay,US,35.3658,-120.8499,44.01,93,1,3.04,clear sky
137,Santiago,CL,-33.4569,-70.6483,64.0,88,40,5.75,scattered clouds
138,Kattivakkam,IN,13.2167,80.3167,86.0,54,20,11.5,few clouds
139,Nagato,JP,34.3833,131.2,48.2,76,0,8.05,clear sky
140,Kinkala,CG,-4.3614,14.7644,78.8,78,40,4.61,scattered clouds
141,Iranshahr,IR,27.2025,60.6848,75.2,29,0,4.61,clear sky
142,Nanortalik,GL,60.1432,-45.2371,27.03,91,100,6.33,overcast clouds
143,Williston,US,48.147,-103.618,10.4,85,1,1.83,mist
144,Asyut,EG,27.181,31.1837,64.4,34,0,5.75,clear sky
145,Wau,SS,7.7029,27.9953,95.29,10,67,7.58,broken clouds
146,Sioux Lookout,CA,50.1001,-91.917,21.2,93,90,3.44,light snow
147,Muromtsevo,RU,56.3724,75.2418,5.79,94,100,9.37,overcast clouds
148,Jaisalmer,IN,26.9147,70.9181,82.72,11,0,9.42,clear sky
149,Rutana,BI,-3.8667,30.1,74.32,60,61,4.7,broken clouds
150,Price,US,39.5994,-110.8107,17.6,73,1,3.44,clear sky
151,Korla,CN,41.7597,86.1469,34.39,67,17,7.96,few clouds
152,Port Elizabeth,ZA,-33.918,25.5701,82.99,50,0,8.01,clear sky
153,Grants,US,35.1473,-107.8514,15.8,86,1,4.61,clear sky
154,Pacific Grove,US,36.6177,-121.9166,48.0,87,1,4.61,clear sky
155,Neuquen,AR,-38.9516,-68.0591,60.8,72,75,6.91,moderate rain
156,Chimbote,PE,-9.0853,-78.5783,69.62,78,93,6.22,overcast clouds
157,Kralendijk,BQ,12.15,-68.2667,75.2,88,40,18.41,scattered clouds
158,Itarema,BR,-2.9248,-39.9167,78.85,82,100,11.23,overcast clouds
159,Sainte-Maxime,FR,43.3,6.6333,57.99,58,26,16.11,scattered clouds
160,Kanadey,RU,53.1679,47.5264,27.95,95,100,18.84,light snow
161,Husavik,IS,66.0449,-17.3389,14.0,79,75,3.44,broken clouds
162,Mount Isa,AU,-20.7333,139.5,96.8,26,93,10.36,overcast clouds
163,Encruzilhada Do Sul,BR,-30.5439,-52.5219,66.38,98,100,1.99,overcast clouds
164,Vila Franca Do Campo,PT,37.7167,-25.4333,63.0,100,75,11.5,broken clouds
165,Hobyo,SO,5.3505,48.5268,80.96,57,4,17.27,clear sky
166,Necochea,AR,-38.5473,-58.7368,57.0,72,56,1.01,broken clouds
167,Saint-Pierre,RE,-21.3393,55.4781,89.6,58,0,27.63,light rain
168,Constitucion,CL,-35.3333,-72.4167,57.18,89,8,6.26,clear sky
169,Lucea,JM,18.451,-78.1736,75.0,81,75,3.44,broken clouds
170,Khatanga,RU,71.9667,102.5,-47.7,77,46,2.42,scattered clouds
171,Corowa,AU,-36.0333,146.3833,79.0,38,0,3.83,clear sky
172,Vanavara,RU,60.34,102.2797,-32.33,83,41,5.06,scattered clouds
173,Hualmay,PE,-11.0964,-77.6139,69.89,79,76,9.48,broken clouds
174,Boffa,GN,10.1667,-14.0333,83.57,51,82,2.93,broken clouds
175,Chicama,PE,-7.8447,-79.1469,72.68,67,31,6.2,scattered clouds
176,San Carlos De Bariloche,AR,-41.1456,-71.3082,50.0,81,40,10.36,scattered clouds
177,Makakilo City,US,21.3469,-158.0858,73.4,78,1,3.44,light rain
178,Yumen,CN,40.2833,97.2,33.28,61,0,22.68,clear sky
179,Cidreira,BR,-30.1811,-50.2056,73.31,90,100,6.69,overcast clouds
180,Kismayo,SO,-0.3582,42.5454,82.62,60,7,16.31,clear sky
181,Hambantota,LK,6.1241,81.1185,87.8,70,40,12.66,scattered clouds
182,Dwarka,IN,22.2394,68.9678,76.51,31,0,9.6,clear sky
183,Brokopondo,SR,4.75,-55.1667,75.45,88,43,11.03,scattered clouds
184,Vigrestad,NO,58.5667,5.7,28.99,100,40,2.3,scattered clouds
185,Acapulco,MX,16.8634,-99.8901,74.03,80,95,3.49,overcast clouds
186,Los Llanos De Aridane,ES,28.6585,-17.9182,64.4,88,75,12.66,broken clouds
187,Cayenne,GF,4.9333,-52.3333,78.8,89,90,9.22,overcast clouds
188,Taranto,IT,40.6167,17.25,57.2,94,75,10.36,light rain
189,Cockburn Town,TC,21.4612,-71.1419,73.47,72,24,21.0,few clouds
190,Ostersund,SE,63.1792,14.6357,9.0,85,90,0.85,light snow
191,Liangxiang,CN,39.7319,116.14,30.99,72,0,1.01,clear sky
192,Terra Rica,BR,-22.7094,-52.6169,70.83,92,92,5.99,overcast clouds
193,Rawson,AR,-43.3002,-65.1023,62.29,62,92,17.96,overcast clouds
194,Labytnangi,RU,66.6572,66.4183,-11.85,88,100,3.47,overcast clouds
195,Pevek,RU,69.7008,170.3133,-33.03,84,2,2.73,clear sky
196,Cherskiy,RU,68.75,161.3,-34.56,83,0,1.5,clear sky
197,Aklavik,CA,68.2191,-135.0107,-27.4,68,100,3.44,overcast clouds
198,Tecoanapa,MX,16.5167,-98.75,72.68,81,80,3.0,broken clouds
199,Isla Mujeres,MX,21.2311,-86.731,77.0,83,1,4.61,clear sky
200,Saskylakh,RU,71.9167,114.0833,-31.95,83,100,8.28,overcast clouds
201,The Valley,AI,18.217,-63.0578,77.0,78,40,10.36,scattered clouds
202,Aswan,EG,24.0934,32.907,72.95,20,0,9.48,clear sky
203,Boras,SE,57.721,12.9401,24.8,93,75,2.3,broken clouds
204,Bandarbeyla,SO,9.4942,50.8122,77.2,60,21,16.64,few clouds
205,Port Moresby,PG,-9.4431,147.1797,75.2,94,90,8.79,moderate rain
206,Qorveh,IR,35.1664,47.8045,36.59,71,90,10.27,overcast clouds
207,Flin Flon,CA,54.7682,-101.865,-0.65,93,25,3.27,scattered clouds
208,Buraydah,SA,26.326,43.975,64.4,48,0,9.22,clear sky
209,Turinskaya Sloboda,RU,57.6232,64.3858,15.71,96,70,2.75,broken clouds
210,Dalvik,IS,65.9702,-18.5286,14.0,79,75,3.44,broken clouds
211,Namibe,AO,-15.1961,12.1522,77.0,65,40,6.38,scattered clouds
212,San Joaquin,US,37.9333,-121.3011,51.01,76,90,8.05,overcast clouds
213,Faya,SA,18.3851,42.4509,73.4,18,0,17.27,clear sky
214,Barrow,US,71.2906,-156.7887,-18.4,69,90,5.75,overcast clouds
215,Kloulklubed,PW,7.0419,134.2556,80.6,78,90,8.05,overcast clouds
216,Roald,NO,62.5833,6.1333,32.0,93,90,3.44,snow
217,Manggar,ID,-2.8833,108.2667,82.99,73,100,11.16,light rain
218,Dumas,US,35.8656,-101.9732,36.0,74,1,9.22,clear sky
219,East London,ZA,-33.0153,27.9116,80.85,67,4,10.18,clear sky
220,Erzin,TR,36.9559,36.2,55.0,79,37,2.55,scattered clouds
221,Dingle,PH,10.9995,122.6711,75.45,81,68,11.63,broken clouds
222,Antalaha,MG,-14.9003,50.2788,86.32,61,9,11.14,clear sky
223,La Palma,US,33.8464,-118.0467,54.0,100,1,3.83,clear sky
224,Copiapo,CL,-27.3667,-70.3333,62.6,88,90,8.05,overcast clouds
225,Provideniya,RU,64.3833,-173.3,-8.79,88,100,21.99,light snow
226,Paamiut,GL,61.994,-49.6678,22.41,90,0,12.28,clear sky
227,Havre-Saint-Pierre,CA,50.2334,-63.5986,21.2,73,90,11.5,overcast clouds
228,Margate,GB,51.3813,1.3862,39.0,72,100,3.0,overcast clouds
229,Telfs,AT,47.3,11.0667,36.0,100,75,2.3,mist
230,Nome,US,64.5011,-165.4064,-5.8,65,20,3.44,few clouds
231,Kaitangata,NZ,-46.2817,169.8464,62.01,90,100,1.99,overcast clouds
232,Bintulu,MY,3.1667,113.0333,84.2,84,40,8.05,scattered clouds
233,Koslan,RU,63.4564,48.8989,18.41,96,100,8.43,overcast clouds
234,Pativilca,PE,-10.7,-77.7833,68.18,85,73,6.62,broken clouds
235,Ishigaki,JP,24.3448,124.1572,68.0,60,40,10.36,scattered clouds
236,Portland,US,45.5234,-122.6762,46.99,81,90,12.66,light rain
237,Fiditi,NG,7.7136,3.9172,92.64,31,40,2.8,scattered clouds
238,Ulladulla,AU,-35.35,150.4667,66.99,100,90,2.98,overcast clouds
239,Olinda,BR,-8.0089,-34.8553,78.8,73,75,8.05,broken clouds
240,Praya,CV,14.9215,-23.5087,73.4,56,0,19.57,clear sky
241,Winneba,GH,5.3511,-0.6231,82.4,83,40,10.36,mist
242,Owo,NG,7.1962,5.5868,94.17,26,12,2.39,few clouds
243,Cabo San Lucas,MX,22.8909,-109.9124,63.0,73,47,5.99,scattered clouds
244,Ahipara,NZ,-35.1667,173.1667,60.4,78,5,2.93,clear sky
245,Mbandaka,CD,0.0487,18.2603,88.02,55,4,3.24,clear sky
246,Svolvaer,NO,68.2342,14.5683,26.6,68,0,9.22,clear sky
247,Lydenburg,ZA,-25.0978,30.4597,73.81,79,77,5.28,moderate rain
248,Kailua,US,21.4022,-157.7394,73.4,73,40,13.8,scattered clouds
249,Bambous Virieux,MU,-20.3428,57.7575,87.01,66,75,13.8,broken clouds
250,Nyurba,RU,63.2842,118.3319,-47.18,76,63,0.56,broken clouds
251,Maceio,BR,-9.6658,-35.7353,77.0,94,75,7.47,broken clouds
252,Poitiers,FR,46.5833,0.3333,50.0,93,90,6.91,overcast clouds
253,Bukachacha,RU,52.9833,116.9167,-22.27,81,4,2.84,clear sky
254,Sheridan,US,44.8333,-106.9173,24.8,74,1,6.91,clear sky
255,Padang,ID,-0.9492,100.3543,83.3,69,91,4.5,overcast clouds
256,Qaanaaq,GL,77.484,-69.3632,-2.72,88,100,1.81,overcast clouds
257,Marienburg,PL,54.0359,19.0266,30.0,79,40,8.01,scattered clouds
258,Mayo,US,38.8876,-76.5119,35.01,69,90,4.61,light snow
259,Yar-Sale,RU,66.8333,70.8333,-11.0,90,100,12.77,light snow
260,Saint-Philippe,RE,-21.3585,55.7679,89.6,58,0,27.63,light rain
261,Sai Buri,TH,6.7013,101.6168,82.4,69,40,13.8,scattered clouds
262,Pontianak,ID,-0.0333,109.3333,80.6,94,75,5.75,moderate rain
263,Taoudenni,ML,22.6783,-3.9836,76.15,17,0,2.59,clear sky
264,Leningradskiy,RU,69.3833,178.4167,-26.64,82,0,5.5,clear sky
265,Basco,PH,20.4487,121.9702,70.3,71,100,26.51,overcast clouds
266,Kontagora,NG,10.3999,5.4695,90.63,11,0,5.1,clear sky
267,Saldanha,ZA,-33.0117,17.9442,70.0,77,94,11.3,overcast clouds
268,Ust-Kuyga,RU,70.0167,135.6,-34.19,81,99,5.57,overcast clouds
269,Nishihara,JP,26.1842,127.7558,64.4,42,40,11.5,scattered clouds
270,Labrea,BR,-7.2586,-64.7981,72.52,97,95,2.26,moderate rain
271,Aykhal,RU,66.0,111.5,-33.45,80,100,9.93,overcast clouds
272,Savino,RU,56.5929,41.2181,32.68,98,100,10.04,snow
273,Coos Bay,US,43.3665,-124.2179,48.99,99,100,1.01,overcast clouds
274,Muros,ES,42.7762,-9.0603,57.99,94,100,7.0,overcast clouds
275,Mendoza,AR,-32.8908,-68.8272,59.0,88,75,10.36,light intensity drizzle
276,Atambua,ID,-9.1061,124.8925,75.4,88,100,4.83,heavy intensity rain
277,Havelock,US,34.8791,-76.9013,37.99,60,90,6.91,overcast clouds
278,Malkangiri,IN,18.35,81.9,90.82,21,0,2.06,clear sky
279,Aras,ES,42.5617,-2.356,50.0,66,90,10.36,light rain
280,Mount Gambier,AU,-37.8333,140.7667,64.4,63,0,14.97,clear sky
281,Ancud,CL,-41.8697,-73.8203,45.0,100,0,2.3,clear sky
282,Bridlington,GB,54.0831,-0.1919,37.99,81,99,5.99,overcast clouds
283,Umm Lajj,SA,25.0213,37.2685,76.23,28,0,13.31,clear sky
284,Galveston,US,29.3669,-94.9669,66.99,88,75,11.5,broken clouds
285,Akom,CM,2.6678,12.7109,85.53,50,20,4.92,few clouds
286,Beryslav,UA,46.8415,33.4284,40.14,70,89,10.36,overcast clouds
287,Ayan,RU,56.45,138.1667,-11.74,81,100,11.97,overcast clouds
288,Haines Junction,CA,60.7522,-137.5108,-22.0,76,79,1.14,broken clouds
289,Poltavka,RU,54.3663,71.7632,13.59,95,100,9.08,overcast clouds
290,Boa Vista,BR,2.8197,-60.6733,75.2,83,75,8.05,broken clouds
291,Kahului,US,20.8947,-156.47,69.8,88,20,12.66,light rain
292,Mogadishu,SO,2.0371,45.3438,84.2,54,20,19.57,few clouds
293,Shimoda,JP,34.6667,138.95,41.0,61,7,1.01,clear sky
294,Winnemucca,US,40.973,-117.7357,28.4,69,1,8.05,clear sky
295,Odweyne,SO,9.4092,45.064,84.47,13,0,6.35,clear sky
296,Hasaki,JP,35.7333,140.8333,42.8,36,20,4.61,few clouds
297,Kabwe,ZM,-14.4469,28.4464,78.64,72,99,4.12,moderate rain
298,Bambanglipuro,ID,-7.95,110.2833,82.2,75,98,6.58,moderate rain
299,Lusambo,CD,-4.9667,23.45,78.46,87,99,3.53,moderate rain
300,Mildura,AU,-34.2,142.15,77.0,41,74,6.33,broken clouds
301,Senges,BR,-24.1128,-49.4636,66.99,52,100,2.04,overcast clouds
302,Henties Bay,NA,-22.116,14.2845,66.22,75,90,9.1,overcast clouds
303,Iqaluit,CA,63.7506,-68.5145,-13.0,70,1,3.44,clear sky
304,Luderitz,NA,-26.6481,15.1594,73.44,50,0,22.44,clear sky
305,Luxor,EG,25.6989,32.6421,66.2,32,0,2.3,clear sky
306,Bajos De Haina,DO,18.4154,-70.0332,72.0,88,75,4.61,broken clouds
307,Assiniboia,CA,49.6334,-105.9845,-7.6,77,0,1.14,clear sky
308,Honningsvag,NO,70.9821,25.9704,27.81,95,100,20.4,light snow
309,Kysyl-Syr,RU,63.8986,122.7617,-49.25,74,54,3.76,broken clouds
310,Ada,US,43.4166,-116.1262,35.6,64,1,10.36,clear sky
311,Souillac,MU,-20.5167,57.5167,86.0,66,75,13.8,broken clouds
312,Murgab,TM,37.4966,61.9714,53.6,40,75,9.22,broken clouds
313,Socorro,US,31.6546,-106.3033,42.8,33,1,10.36,clear sky
314,Caravelas,BR,-17.7125,-39.2481,78.75,74,70,6.33,broken clouds
315,Saint-Leu,RE,-21.15,55.2833,89.6,58,0,27.63,light rain
316,Diffa,NE,13.3154,12.6113,83.75,15,39,14.36,scattered clouds
317,Palmer,US,42.1584,-72.3287,3.99,78,1,3.49,clear sky
318,Nhulunbuy,AU,-12.2333,136.7667,77.0,94,75,5.75,light rain
319,Lesnoy,RU,57.6198,63.0784,16.77,97,69,3.06,broken clouds
320,Vila Do Maio,CV,15.1333,-23.2167,73.4,56,0,19.57,clear sky
321,Itaituba,BR,-4.2761,-55.9836,70.75,98,43,1.59,scattered clouds
322,Mehamn,NO,71.0357,27.8492,25.0,95,100,17.9,light snow
323,Isangel,VU,-19.55,169.2667,78.4,81,12,14.99,few clouds
324,Sawtell,AU,-30.3833,153.1,77.0,83,90,8.05,overcast clouds
325,Harper,LR,4.375,-7.7169,81.48,81,21,6.24,light rain
326,Nemuro,JP,43.3236,145.575,19.4,73,20,8.05,few clouds
327,Porangatu,BR,-13.4408,-49.1486,71.19,95,39,1.83,scattered clouds
328,Pekan,MY,3.4836,103.3996,82.4,78,40,6.91,scattered clouds
329,Xuanhua,CN,40.6103,115.0447,34.09,67,0,7.72,clear sky
330,Rodrigues Alves,BR,-7.738,-72.6509,70.27,97,94,1.03,overcast clouds
331,Ewa Beach,US,21.3156,-158.0072,73.4,78,1,3.44,light rain
332,Petropavlovsk-Kamchatskiy,RU,53.0452,158.6483,23.0,58,100,8.95,light snow
333,Palagonia,IT,37.3283,14.7448,55.4,50,40,17.27,light rain
334,Viedma,AR,-40.8135,-62.9967,57.0,70,20,5.23,few clouds
335,Mabaruma,GY,8.2,-59.7833,72.72,97,69,4.36,broken clouds
336,Vazhiny,RU,60.9644,34.0222,22.6,97,98,4.63,overcast clouds
337,Antsohihy,MG,-14.8796,47.9875,91.71,56,4,3.27,clear sky
338,Aksu,CN,41.1231,80.2644,37.4,55,26,1.57,scattered clouds
339,Bull Savanna,JM,17.8868,-77.5902,69.89,86,14,6.44,few clouds
340,Avera,US,33.194,-82.5271,48.2,93,90,11.5,overcast clouds
341,Vanino,RU,49.0869,140.2543,-2.18,78,39,11.05,scattered clouds
342,Jitra,MY,6.2681,100.4217,89.6,58,20,8.05,few clouds
343,Araouane,ML,18.9048,-3.5265,74.39,16,41,12.62,scattered clouds
344,Goundam,ML,16.4145,-3.6708,78.93,15,21,13.13,few clouds
345,Sar-E Pul,AF,35.8333,66.1667,47.26,58,70,7.23,broken clouds
346,Saint Anthony,US,45.0205,-93.218,28.99,86,90,8.05,overcast clouds
347,Bud,US,39.447,-86.1758,35.01,98,100,14.99,snow
348,Vostok,RU,46.4856,135.8833,-17.68,88,8,4.54,clear sky
349,Baykit,RU,61.67,96.37,-30.05,79,2,0.87,clear sky
350,Vestmannaeyjar,IS,63.4427,-20.2734,30.2,64,40,33.38,scattered clouds
351,Kutum,SD,14.2,24.6667,77.0,17,0,8.12,clear sky
352,Mahajanga,MG,-15.7167,46.3167,89.6,62,40,11.5,scattered clouds
353,Atar,MR,20.5169,-13.0499,69.8,13,27,6.91,scattered clouds
354,Jumla,NP,29.2747,82.1838,52.16,34,0,6.76,clear sky
355,Arona,ES,28.0996,-16.681,66.2,72,40,2.3,scattered clouds
356,Oxford,GB,51.7522,-1.256,33.8,80,0,6.91,clear sky
357,Palmeira,BR,-25.4294,-50.0064,65.03,99,100,4.23,overcast clouds
358,Mariana,BR,-20.3778,-43.4161,68.27,80,4,2.19,clear sky
359,Te Anau,NZ,-45.4167,167.7167,52.59,82,100,4.47,light rain
360,Kununurra,AU,-15.7667,128.7333,77.0,100,75,8.05,broken clouds
361,Liezen,AT,47.5667,14.2333,33.01,86,75,6.91,light snow
362,Iralaya,HN,15.0,-83.2333,75.34,86,12,8.61,few clouds
363,Santiago Del Estero,AR,-27.7951,-64.2615,65.37,86,100,8.5,overcast clouds
364,Hovd,MN,48.0056,91.6419,15.67,77,0,2.57,clear sky
365,Barranca,PE,-10.75,-77.7667,67.91,87,68,6.87,broken clouds
366,Almeirim,BR,-1.5233,-52.5817,73.06,95,68,1.99,broken clouds
367,Unai,BR,-16.3575,-46.9061,71.62,75,22,1.92,few clouds
368,Gornyak,RU,50.9942,81.4661,12.45,94,100,1.59,overcast clouds
369,Kapuskasing,CA,49.4169,-82.4331,-20.2,76,2,1.14,clear sky
370,Magadan,RU,59.5667,150.8,-13.81,79,93,11.36,overcast clouds
371,Wonthaggi,AU,-38.6044,145.5913,63.0,75,0,10.25,clear sky
372,Rudnogorsk,RU,57.2639,103.7519,-36.56,83,68,2.08,broken clouds
373,Champasak,LA,14.75,106.0,91.4,31,20,2.3,few clouds
374,Inhambane,MZ,-23.865,35.3833,88.18,54,35,5.39,scattered clouds
375,Komsomolskoye,RU,55.2567,47.5461,31.71,92,100,19.93,snow
376,Veraval,IN,20.9,70.3667,80.44,28,0,9.44,clear sky
377,Darhan,MN,49.4867,105.9228,-13.76,80,54,3.71,broken clouds
378,Chabahar,IR,25.2919,60.643,73.69,62,0,11.72,clear sky
379,Itoman,JP,26.1247,127.6694,64.4,55,40,6.91,scattered clouds
380,Pinerovka,RU,51.562,43.0689,34.29,93,100,21.74,snow
381,Darnah,LY,32.767,22.6367,68.47,48,0,23.58,clear sky
382,Sur,OM,22.5667,59.5289,77.07,40,0,5.41,clear sky
383,Narsaq,GL,60.9167,-46.05,37.4,30,75,33.38,broken clouds
384,Dobryanka,RU,58.4619,56.4165,30.2,74,90,11.18,overcast clouds
385,Shima,CN,24.4478,117.8111,66.2,63,0,8.95,clear sky
386,Melfort,CA,52.8667,-104.6177,10.4,85,82,2.3,broken clouds
387,Solone,UA,48.2081,34.8721,33.01,80,40,17.9,scattered clouds
388,Naze,JP,28.3667,129.4833,60.8,59,75,10.36,broken clouds
389,Suchedniow,PL,51.0478,20.8292,26.01,1,11,5.77,few clouds
390,Eirunepe,BR,-6.6603,-69.8736,71.74,98,100,2.57,moderate rain
391,Conde,BR,-7.2597,-34.9075,78.8,89,75,3.44,broken clouds
392,Floro,NO,61.5996,5.0328,30.2,100,75,8.05,light snow
393,Grand Gaube,MU,-20.0064,57.6608,87.01,64,1,8.99,clear sky
394,Stefan Voda,MD,46.5153,29.6631,29.52,98,96,5.93,overcast clouds
395,Luwingu,ZM,-10.2621,29.9271,79.59,59,58,5.06,light rain
396,Dahuk,IQ,36.8695,42.994,40.91,86,100,11.92,overcast clouds
397,Bytow,PL,54.1706,17.4919,33.01,84,83,11.01,broken clouds
398,Oranjestad,AW,12.524,-70.027,78.8,78,40,14.97,scattered clouds
399,Kamien Pomorski,PL,53.9685,14.7726,28.99,80,75,14.97,light snow
400,Yulara,AU,-25.2406,130.9889,96.8,20,75,9.22,broken clouds
401,Olecko,PL,54.0337,22.507,26.74,98,99,13.53,overcast clouds
402,Pires Do Rio,BR,-17.2997,-48.2794,70.7,78,100,2.48,overcast clouds
403,Bilgoraj,PL,50.5411,22.722,28.0,82,80,4.68,broken clouds
404,Ornskoldsvik,SE,63.2909,18.7153,12.2,92,75,8.05,broken clouds
405,Dandong,CN,40.1292,124.3947,29.3,94,99,6.46,overcast clouds
406,Talcahuano,CL,-36.7167,-73.1167,53.6,100,0,4.61,clear sky
407,Omboue,GA,-1.5746,9.2618,87.03,64,90,2.3,overcast clouds
408,Morgan City,US,29.6994,-91.2068,68.0,100,90,17.27,overcast clouds
409,Vrangel,RU,42.7297,133.0839,15.89,83,63,0.89,broken clouds
410,Port Macquarie,AU,-31.4333,152.9167,73.0,90,100,1.01,overcast clouds
411,Thinadhoo,MV,0.5333,72.9333,82.72,74,80,13.0,heavy intensity rain
412,Cravo Norte,CO,6.3017,-70.2041,76.46,64,78,6.6,broken clouds
413,Behshahr,IR,36.6923,53.5526,62.6,39,0,9.22,clear sky
414,San Antonio,US,29.4241,-98.4936,55.4,81,1,11.43,clear sky
415,Banjar,ID,-8.19,114.9675,84.2,79,20,12.66,few clouds
416,Sape,BR,-7.0964,-35.2328,78.8,89,75,3.44,broken clouds
417,Muli,MV,2.9167,73.5667,82.33,78,33,13.33,scattered clouds
418,Prince Rupert,CA,54.3161,-130.3201,41.0,75,90,4.61,overcast clouds
419,Ust-Nera,RU,64.5667,143.2,-30.42,74,91,7.76,overcast clouds
420,Hamilton,US,39.1834,-84.5333,36.0,93,90,18.41,moderate rain
421,Cabedelo,BR,-6.9811,-34.8339,78.8,89,75,3.44,broken clouds
422,Le Port,RE,-20.9373,55.2919,84.2,70,75,18.41,light rain
423,Zeya,RU,53.75,127.2667,-29.87,82,70,1.43,broken clouds
424,Ponta Delgada,PT,37.7333,-25.6667,63.0,100,75,11.5,broken clouds
425,Birao,CF,10.2849,22.7882,90.55,11,0,13.0,clear sky
426,Alice Springs,AU,-23.7,133.8833,95.0,23,65,10.36,broken clouds
427,San Cristobal,VE,7.7669,-72.225,63.5,76,74,3.31,broken clouds
428,College,US,64.8569,-147.8028,-7.01,77,90,1.21,light snow
429,Donskoye,RU,45.4552,41.9741,44.6,61,40,6.71,light rain
430,Polva,EE,58.0603,27.0694,21.99,86,90,10.36,light snow
431,San Ramon,US,37.7799,-121.978,50.0,87,90,3.06,overcast clouds
432,Salalah,OM,17.0151,54.0924,77.0,53,0,10.36,clear sky
433,Seidu,SL,9.0167,-10.6,82.72,36,44,1.16,scattered clouds
434,Zhanaozen,KZ,43.3,52.8,48.04,60,0,4.76,clear sky
435,Alyangula,AU,-13.8483,136.4192,93.2,49,70,3.44,broken clouds
436,Praia Da Vitoria,PT,38.7333,-27.0667,62.6,94,40,13.13,scattered clouds
437,Montanha,BR,-18.1269,-40.3633,72.52,88,63,2.08,broken clouds
438,Emmett,US,43.8735,-116.4993,37.99,60,0,7.0,clear sky
439,Khoy,IR,38.5504,44.9535,39.45,65,100,2.75,overcast clouds
440,Evensk,RU,61.95,159.2333,-3.05,87,100,26.75,light snow
441,Sumbe,AO,-11.2061,13.8437,83.7,57,92,7.45,overcast clouds
442,Cayeli,TR,41.0923,40.7292,53.35,61,100,1.99,overcast clouds
443,Kisangani,CD,0.5167,25.2,93.29,41,99,1.68,overcast clouds
444,Bafq,IR,31.6128,55.4107,67.19,23,0,10.54,clear sky
445,Codajas,BR,-3.8367,-62.0569,72.21,98,55,1.61,broken clouds
446,Calama,CL,-22.4667,-68.9333,44.6,26,0,13.8,clear sky
447,Loharu,IN,28.45,75.8167,75.2,17,0,4.38,clear sky
448,Suntar,RU,62.1444,117.6319,-37.8,81,100,1.28,overcast clouds
449,Quatre Cocos,MU,-20.2078,57.7625,87.01,66,75,13.8,broken clouds
450,Uzventis,LT,55.7803,22.6547,30.2,74,90,13.8,light snow
451,Gat,IL,31.61,34.7642,66.99,51,0,5.01,clear sky
452,Liepaja,LV,56.5419,21.0367,33.8,64,90,9.22,overcast clouds
453,Tocopilla,CL,-22.092,-70.1979,65.21,63,28,3.47,scattered clouds
454,Kavaratti,IN,10.5669,72.642,81.61,74,0,12.08,clear sky
455,Ilulissat,GL,69.2167,-51.1,8.6,66,90,17.27,overcast clouds
456,Brae,GB,60.3964,-1.353,37.4,65,20,16.11,few clouds
457,Vrises,GR,35.492,23.8899,64.99,68,20,6.91,few clouds
458,Durban,ZA,-29.8579,31.0292,81.0,89,67,3.0,broken clouds
459,Broome,US,42.2506,-75.833,9.0,78,20,5.75,few clouds
460,Lata,PT,40.1629,-8.3327,60.01,100,100,11.01,overcast clouds
461,Mahon,ES,39.8885,4.2658,57.2,58,20,21.85,few clouds
462,Cody,US,44.5263,-109.0565,33.8,40,0,13.8,clear sky
463,Gondanglegi,ID,-7.7479,112.0132,81.05,84,100,4.97,moderate rain
464,Bacolod,PH,10.6667,122.95,77.79,78,80,16.84,broken clouds
465,Sandnessjoen,NO,66.0217,12.6316,21.2,79,20,12.66,few clouds
466,Barcelos,PT,41.5388,-8.6151,57.2,100,90,9.22,fog
467,Paka,MY,4.6374,103.4368,80.6,83,40,6.91,scattered clouds
468,Somerset,US,40.5668,-74.5496,21.99,63,1,4.61,clear sky
469,Ust-Barguzin,RU,53.45,108.9833,-12.62,86,100,4.34,overcast clouds
470,Orebro,SE,59.2741,15.2066,27.0,86,0,5.75,clear sky
471,Verkhniy Tagil,RU,57.3733,59.9556,26.26,97,97,5.03,overcast clouds
472,Cortez,US,37.3489,-108.5859,15.8,86,1,8.05,clear sky
473,Uray,RU,60.1247,64.7758,6.82,95,46,3.62,scattered clouds
474,Ixtapa,MX,20.7,-105.2,64.99,90,0,3.13,clear sky
475,Ibotirama,BR,-12.1853,-43.2206,74.8,68,44,1.16,scattered clouds
476,Katsuura,JP,35.1333,140.3,45.0,33,20,16.11,few clouds
477,Sterling,US,39.0062,-77.4286,28.99,93,90,5.75,light snow
478,Tashla,RU,51.7716,52.7427,28.26,97,64,10.47,broken clouds
479,Las Tunas,CU,20.9617,-76.9511,62.6,94,20,3.44,fog
480,Vila Velha,BR,-20.3297,-40.2925,78.8,78,0,4.61,clear sky
481,Heide,DE,54.2,9.1,33.01,96,16,1.01,few clouds
482,Jhajjar,IN,28.6063,76.6565,69.8,35,0,5.75,haze
483,Puerto Carreno,CO,6.189,-67.4859,76.48,74,71,13.2,broken clouds
484,Sawakin,SD,19.1059,37.3321,74.1,66,93,11.81,overcast clouds
485,Mazyr,BY,52.0495,29.2456,26.02,95,35,12.48,scattered clouds
486,Iskateley,RU,67.6803,53.1512,5.92,94,100,11.63,light snow
487,Mitsamiouli,KM,-11.3847,43.2844,84.15,72,50,12.21,scattered clouds
488,Eyl,SO,7.9803,49.8164,81.41,52,85,17.56,overcast clouds
489,Coruripe,BR,-10.1256,-36.1756,79.41,78,30,9.06,light rain
490,Nova Granada,BR,-20.5339,-49.3142,73.4,73,0,6.91,clear sky
491,Knysna,ZA,-34.0363,23.0471,84.2,48,0,5.75,clear sky
492,Seoul,KR,37.5683,126.9778,48.2,57,75,6.91,broken clouds
493,Sonoita,MX,31.85,-112.8333,48.0,69,1,7.36,clear sky
494,Honiara,SB,-9.4333,159.95,79.74,81,100,9.69,moderate rain
495,Bonavista,CA,48.6499,-53.1147,30.99,93,100,5.75,overcast clouds
496,Baherden,TM,38.4362,57.4316,57.65,39,11,6.4,few clouds
497,Pandan,PH,14.0453,124.1694,76.53,78,99,19.42,overcast clouds
498,Trairi,BR,-3.2778,-39.2689,78.58,83,100,8.41,overcast clouds
499,Sorland,NO,67.667,12.6934,14.0,79,0,3.44,clear sky
500,Kolondieba,ML,11.0882,-6.8926,83.86,13,2,8.97,clear sky
501,La Ronge,CA,55.1001,-105.2842,12.2,85,23,2.3,few clouds
502,Coquimbo,CL,-29.9533,-71.3436,60.8,100,90,2.3,mist
503,Srandakan,ID,-7.9386,110.2506,82.38,75,100,6.38,heavy intensity rain
504,Kudahuvadhoo,MV,2.6708,72.8944,82.11,76,29,12.06,scattered clouds
505,George,ZA,-33.963,22.4617,84.2,48,0,5.75,clear sky
506,Victoria Point,AU,-27.5833,153.3,79.0,70,71,5.99,broken clouds
507,San Rafael,AR,-34.6177,-68.3301,57.09,91,100,11.45,moderate rain
508,Gasa,PS,31.5,34.4667,66.99,51,0,5.01,clear sky
509,Moose Factory,CA,51.2585,-80.6094,-4.0,77,90,5.75,mist
510,Mandalgovi,MN,45.7625,106.2708,-4.4,84,0,20.24,clear sky
511,Udomlya,RU,57.8794,34.9925,19.58,97,100,4.88,overcast clouds
512,Buin,CL,-33.7333,-70.75,62.6,88,40,5.75,scattered clouds
513,Chernyshevskiy,RU,63.0128,112.4714,-28.28,86,100,3.27,overcast clouds
514,Rio Grande,BR,-32.035,-52.0986,68.0,99,99,9.33,overcast clouds
515,Camabatela,AO,-8.1881,15.375,72.46,85,93,3.06,light rain
516,Bartica,GY,6.4,-58.6167,73.4,100,75,4.61,broken clouds
517,Ust-Ilimsk,RU,58.0006,102.6619,-35.27,81,86,1.83,overcast clouds
518,Atherton,GB,53.5237,-2.4935,36.0,70,100,1.99,overcast clouds
519,Singleton,AU,-32.5667,151.1833,73.99,68,90,5.99,overcast clouds
520,Port Lincoln,AU,-34.7333,135.8667,63.37,77,58,14.58,broken clouds
521,Mareeba,AU,-17.0,145.4333,77.0,94,75,5.75,broken clouds
522,Aguimes,ES,27.9054,-15.4461,66.99,72,20,19.57,few clouds
523,Deputatskiy,RU,69.3,139.9,-30.39,87,100,2.46,overcast clouds
524,Kirakira,SB,-10.4544,161.9205,78.15,84,100,10.98,overcast clouds
525,Lavrentiya,RU,65.5833,-171.0,-9.62,86,100,11.14,overcast clouds
526,Maltahohe,NA,-24.8333,16.9833,86.43,13,0,7.7,clear sky
527,Zabaykalsk,RU,49.6333,117.3167,-14.55,85,100,6.93,overcast clouds
528,Seymchan,RU,62.8833,152.4333,-28.84,82,100,9.15,light snow
529,Porto Seguro,BR,-16.4497,-39.0647,73.4,94,75,4.61,broken clouds
530,Mingyue,CN,43.1069,128.9217,9.95,93,100,4.61,light snow
531,Maragheh,IR,37.3917,46.2398,37.4,65,75,6.91,broken clouds
532,Shingu,JP,33.7333,135.9833,48.2,49,20,6.91,few clouds
533,Berlevag,NO,70.8578,29.0864,25.59,95,100,17.94,light snow
534,North Bend,US,43.4065,-124.2243,48.99,99,100,1.01,overcast clouds
535,Povenets,RU,62.8487,34.8262,14.72,97,91,3.47,overcast clouds
536,Kuusamo,FI,65.9667,29.1833,12.2,85,90,3.44,light snow
537,Konstantinovka,RU,49.6167,127.9833,-18.13,87,99,5.14,overcast clouds
538,Broken Hill,AU,-31.95,141.4333,86.0,23,78,14.97,broken clouds
539,Coari,BR,-4.085,-63.1414,72.61,97,55,2.53,broken clouds
540,Pouembout,NC,-21.1333,164.9,75.29,82,86,4.52,overcast clouds
541,Polessk,RU,54.862,21.1028,36.0,80,75,11.18,broken clouds
542,Gumdag,TM,39.2061,54.5906,55.62,55,3,2.91,clear sky
543,Dzilam Gonzalez,MX,21.2833,-88.9333,64.04,89,100,3.74,overcast clouds
544,Kasongo-Lunda,CD,-6.4667,16.8167,80.44,79,87,2.01,moderate rain
545,Petatlan,MX,17.5167,-101.2667,71.31,81,81,2.66,broken clouds
546,Paita,PE,-5.0892,-81.1144,74.91,69,1,8.14,clear sky
547,Tongchuan,CN,35.0806,109.0897,44.04,48,68,4.14,broken clouds
548,Iberia,US,29.9502,-91.7507,68.0,100,90,12.66,mist
549,Huangyan,CN,28.6478,121.2594,61.0,76,29,5.99,scattered clouds
550,Krasnyy Chikoy,RU,50.3643,108.7512,-19.48,81,100,4.52,overcast clouds
551,Kunashak,RU,55.7032,61.5498,23.0,63,28,5.12,smoke
552,Kenai,US,60.5544,-151.2583,10.99,85,1,3.44,clear sky
553,Sunbury,AU,-37.5833,144.7333,64.0,67,20,10.36,few clouds
554,Fort Atkinson,US,42.9289,-88.8371,30.0,92,100,4.0,snow
555,Zhuhai,CN,22.2769,113.5678,72.0,77,0,10.36,clear sky
556,Namatanai,PG,-3.6667,152.4333,80.82,72,100,6.91,overcast clouds
557,Galesong,ID,-5.3166,119.3661,84.2,79,20,5.75,few clouds
558,Salamanca,ES,40.8333,-6.0,48.99,84,100,4.0,overcast clouds
559,Gornopravdinsk,RU,60.05,69.9,16.59,96,100,6.8,overcast clouds
560,Rajgarh,IN,28.6333,75.3833,75.36,16,0,3.74,clear sky
561,Liverpool,GB,53.4106,-2.9779,34.0,86,100,9.22,overcast clouds
562,Nola,IT,40.922,14.5329,55.0,82,100,1.99,overcast clouds
563,Kemijarvi,FI,66.7131,27.4306,11.79,95,100,2.77,light snow
564,Oktyabrskoye,RU,43.0645,44.7417,39.2,81,90,6.71,overcast clouds
565,Paciran,ID,-6.8767,112.3761,82.09,81,87,18.16,overcast clouds
566,Pontalina,BR,-17.525,-49.4472,72.12,83,100,0.87,overcast clouds
567,Chokurdakh,RU,70.6333,147.9167,-31.56,85,16,9.26,few clouds
568,Ikorodu,NG,6.6191,3.5041,87.46,61,70,2.91,broken clouds
569,Nurota,UZ,40.5614,65.6886,53.6,35,100,27.63,light rain
570,Beaverlodge,CA,55.2166,-119.4361,-0.4,92,20,2.3,few clouds
571,Grindavik,IS,63.8424,-22.4338,28.4,93,90,5.75,overcast clouds
572,Ibipeba,BR,-11.6408,-42.0111,71.28,75,68,9.17,broken clouds
573,Porto Santo,PT,33.072,-16.3415,60.8,88,20,4.61,few clouds
574,Shelburne,CA,44.0787,-80.2041,8.01,70,1,6.93,clear sky
575,Ichinohe,JP,40.2069,141.3017,20.19,91,41,11.41,scattered clouds
576,Ambilobe,MG,-13.2,49.05,91.69,54,37,4.21,scattered clouds
577,Durgapur,IN,23.4833,87.3167,73.0,34,0,7.0,clear sky
578,Tupiza,BO,-21.45,-65.7167,56.93,66,14,3.0,few clouds
579,Mwinilunga,ZM,-11.7358,24.4293,70.39,86,100,5.7,light rain
580,Laguna,US,38.421,-121.4238,48.2,76,20,3.44,few clouds
581,Mendeleyevsk,RU,55.9082,52.2905,32.0,74,0,11.18,light snow
582,Rincon,US,32.296,-81.2354,57.2,82,90,6.91,overcast clouds
583,Kingsland,US,30.8,-81.6898,57.99,88,55,3.0,broken clouds
584,Moen,NO,69.1304,18.6123,1.4,85,75,1.81,broken clouds
585,Marsh Harbour,BS,26.5412,-77.0636,68.9,70,100,15.03,overcast clouds
586,Yatou,CN,37.15,122.3833,41.79,85,75,10.98,broken clouds
587,Killarney,IE,52.05,-9.5167,46.4,87,20,14.97,few clouds
588,Tchibanga,GA,-2.85,11.0333,82.53,74,94,2.66,overcast clouds
589,Ploemeur,FR,47.7333,-3.4333,50.0,93,90,10.36,overcast clouds
590,Paso De Los Toros,UY,-32.8167,-56.5167,66.87,91,100,14.43,overcast clouds
591,Joensuu,FI,62.6012,29.7632,23.0,93,90,4.61,light snow
592,Waipawa,NZ,-41.4122,175.5153,62.6,55,0,8.05,clear sky
593,San Marcos,US,33.1434,-117.1661,50.0,66,1,4.74,clear sky
594,Maldonado,UY,-34.6667,-54.9167,69.8,73,90,13.8,overcast clouds
595,Skotterud,NO,59.9828,12.1283,15.01,85,42,2.3,scattered clouds
596,Zhigansk,RU,66.7697,123.3711,-44.72,76,78,7.31,broken clouds
597,Elliot Lake,CA,46.3834,-82.6331,8.6,72,1,9.22,clear sky
598,Carutapera,BR,-1.195,-46.02,76.75,89,100,5.5,overcast clouds
599,Sivaki,RU,52.6333,126.75,-29.52,86,78,2.57,broken clouds
600,Fez,MA,34.0372,-4.9998,55.4,88,75,12.66,broken clouds
601,Bubaque,GW,11.2833,-15.8333,77.34,60,2,9.08,clear sky
602,Sept-Iles,CA,50.2001,-66.3821,21.2,73,40,5.75,scattered clouds
603,Puerto Colombia,CO,10.9878,-74.9547,75.2,83,0,11.5,clear sky
604,Flinders,AU,-34.5833,150.8552,66.99,91,68,5.35,broken clouds
605,Maroantsetra,MG,-15.4333,49.7333,84.25,68,19,7.43,light rain
606,Dickinson,US,29.4608,-95.0513,66.2,88,90,8.05,overcast clouds
607,Altay,CN,47.8667,88.1167,17.49,79,0,2.75,clear sky
608,Sabzevar,IR,36.2126,57.6819,55.4,30,0,13.8,clear sky
609,Lanzhou,CN,36.0564,103.7922,33.8,27,0,1.68,clear sky
610,Atasu,KZ,48.6814,71.6433,26.4,93,97,4.83,overcast clouds
611,San Felipe,VE,10.3399,-68.7425,70.63,89,97,3.4,overcast clouds
612,Basoko,CD,1.2391,23.616,89.37,44,100,3.33,overcast clouds
613,Okha,RU,53.5739,142.9478,-5.24,84,100,20.24,overcast clouds
614,Zaragoza,ES,41.6561,-0.8773,59.0,62,75,12.66,broken clouds
615,Dinard,FR,48.6314,-2.0614,46.0,100,90,5.75,mist
616,Sarh,TD,9.1429,18.3923,87.8,13,0,6.91,clear sky
617,Moussoro,TD,13.6408,16.4901,86.22,13,52,11.9,broken clouds
618,Kupang,ID,-10.1667,123.5833,75.2,100,90,8.05,moderate rain
619,Whitehorse,CA,60.7161,-135.0538,-7.01,77,75,3.44,light snow
620,Fairbanks,US,64.8378,-147.7164,-5.8,77,90,1.16,light snow
621,Ballina,AU,-28.8667,153.5667,75.2,73,17,3.44,few clouds
622,Zyryanka,RU,65.75,150.85,-28.25,83,100,17.16,overcast clouds
623,Klaksvik,FO,62.2266,-6.589,30.2,93,75,4.61,light snow
624,Hami,CN,42.8,93.45,32.54,75,0,2.98,clear sky
625,Dauriya,RU,49.9333,116.8667,-17.86,85,96,6.46,overcast clouds
626,Natal,BR,-5.795,-35.2094,75.2,94,75,5.75,broken clouds
627,Maniitsoq,GL,65.4167,-52.9,10.06,73,0,5.66,clear sky
628,Keetmanshoop,NA,-26.5833,18.1333,89.69,11,0,5.12,clear sky
629,Brazzaville,CG,-4.2658,15.2832,78.8,78,40,4.61,scattered clouds
630,Kiruna,SE,67.8557,20.2251,17.6,86,75,10.36,light snow
631,Massaguet,TD,12.4755,15.4365,80.6,14,86,11.5,dust
632,Cururupu,BR,-1.8283,-44.8683,75.88,93,79,3.02,broken clouds
633,Bamiantong,CN,44.9333,130.5333,3.04,92,100,3.42,light snow
634,Santa Cruz De Tenerife,ES,28.4682,-16.2546,66.99,77,20,10.36,few clouds
635,Mecca,SA,21.4267,39.8261,81.82,27,43,6.4,scattered clouds
636,Kurchum,KZ,48.5722,83.6542,4.1,92,98,2.37,overcast clouds
637,Olafsvik,IS,64.8945,-23.7142,22.14,84,88,7.14,overcast clouds
638,Tirschenreuth,DE,49.8825,12.3331,28.99,85,74,5.01,broken clouds
639,Uporovo,RU,56.3109,66.2693,16.88,96,67,1.79,broken clouds
640,Sheregesh,RU,52.9209,87.9869,11.89,95,34,3.76,scattered clouds
641,Cabo Rojo,PR,18.0866,-67.1457,72.0,97,100,16.58,overcast clouds
642,Saint-Georges,GD,12.0564,-61.7485,77.0,88,40,5.75,scattered clouds
643,Pangai,TO,-19.8,-174.35,79.21,87,100,20.6,light rain
644,Waingapu,ID,-9.6567,120.2641,80.94,79,100,14.07,moderate rain
645,Alofi,NU,-19.0595,-169.9187,77.0,94,100,5.75,moderate rain
646,Can Tho,VN,10.0333,105.7833,86.0,62,20,3.44,few clouds
647,Inyonga,TZ,-6.7167,32.0667,78.21,67,99,5.95,light rain
648,Yako,BF,12.9667,-2.2667,84.33,13,0,13.85,clear sky
649,Gillette,US,44.2911,-105.5022,26.6,86,1,12.66,clear sky
650,Srednekolymsk,RU,67.45,153.6833,-38.2,82,100,6.4,overcast clouds
651,Sfantu Gheorghe,RO,45.8667,25.7833,42.01,84,99,3.33,overcast clouds
652,Komagane,JP,35.7296,137.9396,30.99,73,0,5.01,clear sky
653,High Level,CA,58.5169,-117.136,-11.2,84,1,4.61,clear sky
654,Pulandian,CN,39.3953,121.9669,37.4,93,26,6.71,mist
655,Boyolangu,ID,-8.1181,111.8935,81.28,79,97,4.97,moderate rain
656,San Juan,AR,-31.5375,-68.5364,65.75,63,88,8.05,overcast clouds
657,San Policarpo,PH,12.1791,125.5072,78.78,79,56,18.1,broken clouds
658,Victor Harbor,AU,-35.5667,138.6167,64.99,74,1,1.01,clear sky
659,La Baule-Escoublac,FR,47.2922,-2.364,51.8,93,90,5.75,overcast clouds
660,Barreirinhas,BR,-2.7469,-42.8264,75.22,92,100,5.99,overcast clouds
661,Lafiagi,NG,8.8667,5.4167,95.14,10,6,2.57,clear sky
662,Pecos,US,31.4229,-103.4932,35.6,38,1,6.91,clear sky
663,Douentza,ML,14.9951,-2.9517,81.0,14,23,6.8,few clouds
664,Madera,US,37.1666,-119.8343,41.0,87,8,4.85,clear sky
665,Luanda,AO,-8.8368,13.2343,86.0,66,75,4.61,broken clouds
666,Trento,IT,46.0679,11.1211,43.0,84,100,1.81,overcast clouds
667,Gizo,SB,-8.103,156.8419,83.88,73,100,21.52,overcast clouds
668,Pointe-Noire,CG,-4.7761,11.8635,84.2,84,20,4.61,light rain
669,Nizhnyaya Tavda,RU,57.6731,66.1725,17.37,97,70,2.8,broken clouds
670,Salisbury,GB,51.0693,-1.7957,34.0,86,75,4.61,broken clouds
671,Colac,AU,-38.3333,143.5833,55.0,25,0,1.99,clear sky
672,Jinxiang,CN,27.4327,120.6062,58.78,80,11,1.14,few clouds
673,Whitianga,NZ,-36.8333,175.7,63.0,78,5,3.04,clear sky
674,Tres Arroyos,AR,-38.3739,-60.2798,49.75,84,78,3.36,broken clouds
675,Vagur,FO,61.4732,-6.8119,34.97,83,44,14.56,scattered clouds
676,Comodoro Rivadavia,AR,-45.8667,-67.5,55.4,62,0,2.3,clear sky
677,Seddon,AU,-37.8068,144.8916,66.0,72,0,10.36,clear sky
678,Akdepe,TM,42.0551,59.3788,48.2,53,100,9.22,overcast clouds
679,Tupik,RU,54.4253,119.9327,-32.22,81,82,1.7,broken clouds
680,Mizan Teferi,ET,6.9833,35.5833,86.72,31,60,1.86,broken clouds
681,Northam,GB,51.0333,-4.2167,39.0,91,100,5.99,moderate rain
682,Wad Madani,SD,14.4012,33.5199,88.03,20,0,12.59,clear sky
683,Nizwa,OM,22.9333,57.5333,84.63,18,0,8.32,clear sky
684,Raudeberg,NO,61.9875,5.1352,30.99,100,75,8.05,light snow
685,Miles City,US,46.4083,-105.8406,19.4,93,1,4.61,fog
686,Sao Jose Da Coroa Grande,BR,-8.8978,-35.1478,79.74,74,90,7.14,overcast clouds
687,Sampit,ID,-2.5333,112.95,81.32,83,99,3.98,overcast clouds
